id,satisfaction_level
4615,0.7819499999999999
1680,0.10646249999999999
8866,0.48434999999999995
7525,0.6353499999999996
5389,0.7299874999999998
3221,0.7363499999999995
10553,0.6691500000000002
4069,0.6580875
3076,0.7202125000000004
12516,0.1049375000000001
2936,0.7034749999999999
1817,0.4248750000000002
6494,0.7628124999999999
3332,0.7334999999999996
3866,0.7316875
8812,0.4450624999999997
13538,0.6948874999999999
12066,0.41556249999999995
6485,0.6749250000000001
4192,0.6295250000000001
1733,0.40155000000000013
6606,0.7055000000000001
4396,0.7048624999999996
11758,0.605075
14528,0.4179874999999999
246,0.4093625
9224,0.7368874999999999
13117,0.8416874999999997
10546,0.28956249999999994
3343,0.6961375000000001
3937,0.7435250000000001
10597,0.6112875000000001
4060,0.763725
2795,0.7184125000000001
6618,0.6859750000000002
2306,0.6188374999999998
10466,0.7338750000000002
3777,0.7173374999999995
10534,0.6662625
733,0.40528750000000013
9343,0.7335625
3470,0.5360499999999998
6382,0.7628000000000003
4696,0.6805250000000002
11009,0.5484250000000002
11625,0.6863250000000002
2978,0.7748624999999996
7911,0.7479124999999999
1826,0.10835000000000003
3798,0.7200125000000002
7320,0.5755999999999999
12357,0.4029250000000002
3165,0.7189000000000002
3334,0.7147999999999999
1848,0.7899125000000005
14695,0.41322500000000006
3995,0.5603625
8294,0.5824124999999999
10297,0.6204375000000002
11065,0.4951249999999999
1345,0.6038249999999997
847,0.8261375000000003
3288,0.707725
12367,0.4048499999999999
5239,0.6163125
3818,0.40276249999999986
9414,0.7290874999999998
5959,0.7270500000000001
13861,0.8346500000000004
9163,0.7304875
1446,0.4205375
7135,0.5894999999999997
6176,0.5192249999999998
1690,0.5007499999999999
8590,0.62705
617,0.7967500000000001
6171,0.7807250000000001
8177,0.427725
926,0.8030375
5031,0.6032500000000001
8163,0.7443499999999998
9700,0.7097000000000004
3509,0.8068250000000001
14411,0.7983250000000002
7484,0.7469374999999998
196,0.31241249999999987
11812,0.6861750000000001
753,0.4079125
6507,0.7533125000000004
12708,0.12051250000000006
6674,0.7693000000000001
4205,0.7199000000000001
13482,0.7069999999999996
13122,0.6582124999999998
7021,0.7367624999999995
10762,0.7415249999999998
14701,0.5240999999999997
14700,0.6232500000000005
11813,0.6992750000000002
6988,0.6600500000000002
4918,0.6696375000000002
8916,0.6858374999999997
8027,0.5382874999999998
11312,0.8211625
3294,0.6799874999999999
8824,0.7776500000000006
1297,0.4146875
12555,0.1013125000000001
10220,0.6968500000000001
3763,0.7919624999999999
3160,0.6211375000000005
13786,0.6199624999999996
12334,0.10685000000000004
5421,0.7643375000000002
5902,0.6915749999999999
12768,0.09992500000000007
3533,0.5914999999999999
14206,0.7741750000000005
8328,0.6912499999999998
10362,0.7366374999999998
9863,0.7598874999999996
3676,0.5718124999999998
3803,0.7397500000000004
9191,0.6448375
3423,0.5235
9839,0.5315249999999999
6180,0.5485
1698,0.10550000000000008
3469,0.7628500000000003
6699,0.7003000000000001
12724,0.40193749999999995
12058,0.4101875
11641,0.5279875
14134,0.7546500000000004
8922,0.7471499999999998
4765,0.6530375000000002
1310,0.8199375
4947,0.7037875000000001
8287,0.44430000000000003
11482,0.7171125000000005
6314,0.6759375000000001
6393,0.7248625000000001
8149,0.6018749999999999
4800,0.7467875000000003
13784,0.40057500000000024
6514,0.7524499999999998
7431,0.7170625000000002
2983,0.7013375000000002
3475,0.6989
6820,0.7422999999999997
5873,0.7521499999999998
12990,0.7343999999999993
2500,0.5554125000000002
8766,0.7124249999999999
12981,0.7222000000000002
5438,0.7090999999999996
13857,0.7191125000000006
11264,0.6586375000000004
3201,0.7176125000000001
2627,0.617175
165,0.10613750000000004
10858,0.7522875000000002
3022,0.7227499999999998
6155,0.42334999999999995
14965,0.4311374999999999
14748,0.40465000000000007
1449,0.4332875000000003
14587,0.46365000000000006
5646,0.7290624999999998
4509,0.5573499999999999
1551,0.39977500000000005
12493,0.10102500000000003
9665,0.7301875000000003
2639,0.7803250000000003
3752,0.6293624999999997
5196,0.6993999999999999
762,0.3985374999999998
12500,0.8037749999999997
8273,0.4978249999999999
7835,0.6932874999999998
5625,0.7526874999999997
14136,0.5266
12635,0.41346250000000034
6283,0.7575125
2867,0.7295749999999999
12253,0.8315125
2182,0.5148
9915,0.49182499999999996
10679,0.7128625000000003
3286,0.6795000000000002
1876,0.09788750000000006
12101,0.3964250000000004
11921,0.5630749999999998
7454,0.7210750000000002
8018,0.6989625000000003
14733,0.10042500000000001
10943,0.718625
14838,0.39708750000000015
11834,0.6395125
5375,0.6700374999999998
10953,0.6985625000000001
2834,0.4665749999999999
9185,0.8040125
8510,0.7048374999999999
14291,0.41116249999999993
10431,0.6047374999999999
13632,0.7594500000000003
1477,0.40877500000000033
10944,0.6816874999999999
5381,0.7631500000000001
12532,0.10151250000000003
5227,0.6697
14711,0.7997500000000002
6150,0.8090875000000004
14214,0.8102499999999997
2760,0.5765499999999998
7110,0.704875
11160,0.7215499999999999
7333,0.6626750000000002
10368,0.6784750000000003
5101,0.7428875
3773,0.7124874999999995
8239,0.7573500000000003
5174,0.7384750000000001
11964,0.7357875000000003
6764,0.7530375000000002
7893,0.6312249999999999
1053,0.11172500000000003
1299,0.7978624999999998
5366,0.6310624999999999
4008,0.6617000000000002
10479,0.5481125
1946,0.3991750000000001
10376,0.6901750000000001
6140,0.7516999999999997
5412,0.3675749999999999
4083,0.44284999999999985
13617,0.7010374999999998
9464,0.7098250000000002
9279,0.6823500000000001
14520,0.10743750000000003
4783,0.6901499999999996
13635,0.6719375000000003
6458,0.7074499999999999
6454,0.7134125
1514,0.6057374999999997
1437,0.41046249999999995
14762,0.8525625000000003
6269,0.7249624999999997
9295,0.5299499999999997
11419,0.7325499999999996
6572,0.48153750000000006
5785,0.4722625
11293,0.7078749999999999
12259,0.10716250000000005
12788,0.7036125000000001
12482,0.8025625
12535,0.4028500000000001
2431,0.522525
4288,0.69875
6115,0.7388249999999998
4768,0.6128124999999999
1779,0.4023624999999999
3356,0.7482500000000003
6023,0.5069375000000002
9662,0.5474875000000005
6271,0.6865249999999999
10763,0.47394999999999976
5884,0.7539625000000002
5020,0.7619500000000003
5175,0.6827874999999999
14693,0.7598374999999998
819,0.40368749999999987
11983,0.6047500000000002
5216,0.4861874999999998
14778,0.10176250000000002
10016,0.8085625000000004
10447,0.7978624999999999
3062,0.6883250000000001
12391,0.4110125000000001
8609,0.6835249999999996
3897,0.7782625000000001
14590,0.7645875000000001
12511,0.5712375000000003
5592,0.7056625
10348,0.7324374999999999
9286,0.6910249999999998
2063,0.6934375000000002
8955,0.740825
10666,0.7593250000000001
10716,0.7104999999999999
5268,0.737825
6653,0.7774625000000002
12837,0.5028499999999998
12077,0.4109999999999999
10381,0.358575
14160,0.6531874999999999
3629,0.3813124999999998
11245,0.6642624999999995
690,0.40501249999999994
2147,0.6188874999999998
12298,0.4102625000000001
6251,0.7599624999999995
524,0.8259374999999999
13762,0.7152125
2719,0.7847124999999996
14389,0.40893750000000023
222,0.4024250000000002
11102,0.7418374999999998
7451,0.7097874999999999
6146,0.5744249999999999
8610,0.6968374999999998
4371,0.4251124999999999
355,0.4172000000000001
12060,0.8175124999999998
3048,0.49977500000000025
10233,0.727625
14189,0.7035874999999998
13574,0.6155875000000002
14299,0.4045750000000002
4499,0.5577750000000001
7470,0.6683250000000001
13269,0.74095
3824,0.6876999999999999
822,0.3996125000000001
198,0.1011500000000001
12742,0.4049124999999999
6526,0.7409874999999999
13859,0.33661250000000026
3890,0.5108624999999998
1401,0.10088750000000009
1302,0.11055000000000004
7639,0.5474875000000001
10182,0.5077499999999997
8220,0.7454625000000001
9040,0.7571
4853,0.6619375000000003
8896,0.6865374999999998
4440,0.5212249999999996
3150,0.6416249999999997
14989,0.4397875000000003
14886,0.3898999999999998
8178,0.7116249999999995
6016,0.5795375
3249,0.4491500000000001
6740,0.6674500000000005
2811,0.7033625000000003
2852,0.7374499999999999
14479,0.39096250000000005
12453,0.4233250000000002
12382,0.4089625000000002
2512,0.6006625000000004
12471,0.40847500000000003
9259,0.7099625
2823,0.66565
3924,0.7320000000000001
9208,0.7828875000000002
12538,0.8498625000000001
14372,0.8447874999999998
9879,0.5841750000000002
8636,0.7343749999999998
11206,0.6974624999999998
9269,0.6704875000000003
13485,0.5513000000000003
1256,0.40336249999999996
14499,0.8387375
9659,0.7102999999999995
227,0.40602500000000025
7163,0.7391875
3860,0.599775
2057,0.7099624999999997
13878,0.6981375
11310,0.7441374999999997
11835,0.5955374999999997
2716,0.6924750000000003
13171,0.7206625000000002
11789,0.7258249999999997
14667,0.7931125000000003
6632,0.746875
1056,0.4135249999999999
2289,0.5551124999999998
10089,0.75765
4268,0.7332375000000001
11656,0.7143
1753,0.7863374999999999
11979,0.6905374999999998
6033,0.45210000000000033
3224,0.7455124999999997
2206,0.45563750000000003
3867,0.7148875000000003
7988,0.7624000000000001
1231,0.09906250000000004
11866,0.6781875000000004
11,0.10610000000000004
8105,0.6786249999999999
13706,0.6598125
1224,0.10101250000000003
878,0.40989999999999993
9819,0.7309875
10879,0.7366625000000002
7433,0.38831250000000017
3482,0.74825
12162,0.41152500000000003
3663,0.6335249999999999
7306,0.6590250000000004
3704,0.5688625
8043,0.6232500000000001
13146,0.7519750000000001
5061,0.7452625
7633,0.6763874999999999
5978,0.7549999999999997
14716,0.12653749999999994
7571,0.6681374999999996
14603,0.8289375000000001
2355,0.7551875000000002
9540,0.6695624999999998
6794,0.7143124999999996
13385,0.4160124999999998
13276,0.5577125000000002
14255,0.11435000000000003
14938,0.83575
5371,0.52195
7314,0.7449000000000001
6562,0.7416000000000001
1008,0.7756250000000002
11914,0.7096624999999999
1575,0.5056124999999999
683,0.6701624999999996
4412,0.5461124999999998
10519,0.7340125000000002
14718,0.3844000000000002
3198,0.7053124999999996
10976,0.7414999999999997
7782,0.4152874999999999
2034,0.7416500000000006
13923,0.7225250000000001
12666,0.2870625000000001
14141,0.5569125000000003
5014,0.7551875000000003
8518,0.7051624999999999
11889,0.608125
36,0.4083
11150,0.5146749999999998
8599,0.6013874999999997
856,0.11267500000000012
7467,0.6968625
1974,0.414625
8732,0.7254625
12914,0.6699750000000002
442,0.7969874999999998
8470,0.6903875
10418,0.6790250000000003
6689,0.7426375000000001
14498,0.10712500000000005
3608,0.7470374999999996
4075,0.7270000000000001
7739,0.6918000000000002
11079,0.690075
13019,0.5958125
11120,0.49892499999999984
1699,0.3844000000000001
6678,0.7819874999999998
6470,0.5043374999999996
1368,0.4425500000000004
3679,0.7618749999999999
2351,0.7731125000000003
7803,0.5125124999999998
12046,0.40274999999999983
12295,0.40728750000000025
3882,0.6932625000000001
325,0.39227500000000004
1204,0.3972125
7906,0.7173749999999999
4005,0.7335375
12614,0.09855000000000005
657,0.4151625000000001
4125,0.7258625
2348,0.7215124999999999
13738,0.6874999999999999
1289,0.40345000000000014
9635,0.684925
10526,0.6159374999999997
9654,0.7169499999999994
703,0.4094499999999999
14401,0.09927499999999999
1676,0.09927500000000006
3328,0.7038750000000003
8805,0.727675
5849,0.5335249999999997
7521,0.7359875000000001
5739,0.7111750000000001
3896,0.6616875
13662,0.7163999999999995
3029,0.7694875
4346,0.6093249999999997
6201,0.719025
14796,0.41013749999999993
83,0.8462500000000004
1082,0.8053875000000001
9039,0.4987250000000003
14197,0.5963
12055,0.4041874999999999
6331,0.5041
7254,0.6985750000000003
12851,0.7445624999999999
12495,0.8105750000000004
9287,0.7168375
7615,0.4879249999999999
5550,0.5678625000000002
7886,0.6619125
14786,0.4199875000000001
11216,0.63065
2365,0.6674124999999995
852,0.7818374999999999
5809,0.7097249999999999
1486,0.10571250000000006
5580,0.6793124999999995
13730,0.7107749999999997
9074,0.7893749999999997
6711,0.7173000000000004
1945,0.6350999999999997
319,0.4315875000000002
12057,0.10601250000000007
13282,0.7331375000000003
7858,0.7796249999999996
5052,0.7007874999999999
12280,0.11637500000000005
11318,0.6642374999999995
5772,0.4380124999999997
1251,0.3996999999999998
4781,0.743425
439,0.4012374999999998
10193,0.6590499999999999
714,0.4092624999999998
6739,0.7592249999999998
1643,0.10656249999999998
11797,0.7807124999999999
4715,0.7508375000000003
7442,0.5316625000000001
2116,0.6772375000000002
9758,0.7759000000000003
6979,0.6915250000000002
13070,0.6634500000000003
2871,0.7339875000000006
7244,0.5083999999999997
1380,0.8298249999999998
10493,0.7083625
11655,0.7814750000000003
13483,0.6596124999999999
880,0.5347375000000002
1041,0.7888375
1840,0.11565000000000003
9137,0.6655999999999997
6790,0.7248250000000003
7344,0.5633125000000001
1167,0.4170374999999999
204,0.8018875
8551,0.7366625000000001
6384,0.4885749999999998
3821,0.6825374999999998
10889,0.7033625000000004
14164,0.6116999999999999
7480,0.60005
14713,0.1026
11401,0.6899
10909,0.7505625000000002
11653,0.7313500000000003
11210,0.6594750000000001
309,0.10915
401,0.8458124999999999
13596,0.6732124999999999
14433,0.3875000000000001
3031,0.7099249999999998
4467,0.7417874999999997
4518,0.7572749999999999
2971,0.7018249999999998
3983,0.6778875000000001
11094,0.6852750000000004
2296,0.6164499999999999
10276,0.6937624999999998
13466,0.8293499999999993
2671,0.7223374999999999
2736,0.6532999999999999
10718,0.6784750000000003
5136,0.60235
9019,0.39236250000000006
8850,0.6949499999999997
2488,0.7454000000000001
4650,0.7098125000000002
3155,0.7357500000000005
5401,0.47721249999999993
12558,0.417575
4548,0.6886499999999998
3447,0.6952375000000003
11397,0.6761125000000001
13199,0.6303749999999999
10132,0.49720000000000003
5734,0.7474500000000002
7331,0.6994125000000001
13726,0.7224125000000001
7114,0.7420125000000002
12565,0.4672625000000001
11698,0.6495875
5545,0.6873375000000002
14576,0.8374750000000001
328,0.09985000000000002
2847,0.7176499999999999
14545,0.10646250000000002
13775,0.6618250000000003
9837,0.6924250000000001
13102,0.6534750000000001
13639,0.7118875000000005
2800,0.6503625000000002
7932,0.7006750000000002
7897,0.7089000000000005
13834,0.5603875000000003
8856,0.6532250000000002
4873,0.67405
73,0.10052500000000002
2394,0.6912874999999999
13548,0.5777999999999998
7414,0.5411749999999997
4142,0.5789374999999998
66,0.4077624999999999
4165,0.7027750000000001
665,0.8247625000000001
830,0.8085374999999996
3258,0.6829875000000001
2799,0.7309624999999997
10120,0.7485
7852,0.5076250000000002
1405,0.41377500000000034
2438,0.6677250000000001
1951,0.4464874999999999
6659,0.4221375000000001
1880,0.8252750000000002
14754,0.8238375000000001
6167,0.7535499999999997
11969,0.67195
12814,0.6804000000000001
7489,0.7286249999999999
13402,0.7223125000000002
7695,0.7417250000000001
10709,0.7291625000000002
9327,0.7523249999999996
5312,0.7283125000000001
6371,0.741525
12595,0.44123750000000006
4404,0.7721750000000007
5643,0.7880750000000003
1306,0.09646250000000005
5036,0.6965374999999996
10457,0.7375749999999996
2338,0.7630750000000002
4827,0.7685125000000002
9512,0.609125
9842,0.5376874999999999
10329,0.7085625
7711,0.7665750000000001
6300,0.6440500000000001
6884,0.36885000000000023
11420,0.599775
2740,0.5066625
3916,0.7425374999999997
5872,0.6710875000000002
562,0.42117499999999997
14330,0.39918750000000014
352,0.8137749999999999
6682,0.5228499999999998
5957,0.7611249999999997
10614,0.7469750000000002
11621,0.7030750000000002
12010,0.3920000000000003
12792,0.6625375000000002
11182,0.7284375000000001
6460,0.7558875
12652,0.10245
11984,0.6827249999999998
4511,0.6972750000000002
12872,0.5364499999999998
6383,0.6047749999999998
2996,0.6856875000000002
8146,0.7088499999999999
5517,0.6881249999999998
13442,0.6661875000000002
778,0.09857500000000001
2902,0.6082999999999997
8952,0.7252999999999998
11515,0.7407875000000002
11062,0.5941625000000003
4195,0.7186999999999999
7301,0.7262249999999999
10258,0.46168750000000014
3541,0.7312499999999997
7963,0.43031250000000015
9497,0.4850624999999999
6039,0.5497124999999998
8717,0.5147874999999998
7979,0.5824250000000003
12884,0.4926125
14759,0.8082625000000002
14187,0.6832875000000005
5265,0.7181875000000002
814,0.1074875
5940,0.7100500000000002
5272,0.7288125000000001
14896,0.8042000000000004
7611,0.5261125000000001
14850,0.4037125
6366,0.6848500000000002
4243,0.35965000000000014
9144,0.7352374999999997
1903,0.8053124999999998
1199,0.3406000000000001
4578,0.7539500000000001
12636,0.40820000000000006
13271,0.7248125000000002
13401,0.5438500000000003
12475,0.41715
9423,0.7682999999999998
13710,0.696625
7962,0.733
9932,0.4198125000000001
11876,0.5415249999999998
5189,0.8069749999999999
11493,0.7187125
9076,0.7562250000000001
5740,0.7052
7094,0.6939875000000001
7753,0.7106875000000004
12923,0.7382875000000002
8215,0.6817375000000003
1644,0.8254499999999998
14824,0.819725
7535,0.7269249999999996
5984,0.7029499999999997
1121,0.411725
3230,0.4474874999999997
4226,0.7362625000000004
9703,0.4640125000000001
6261,0.7943999999999999
4017,0.8085875
2231,0.6193874999999999
1655,0.10306250000000006
11098,0.7136374999999998
13335,0.3785125000000002
8442,0.7240249999999999
8540,0.8022749999999996
4539,0.7072749999999999
13927,0.6894624999999998
1365,0.10011250000000008
5075,0.5844125
9498,0.6039000000000001
12262,0.4163750000000003
10581,0.6861125000000003
2943,0.6643999999999999
7716,0.7369874999999996
6262,0.7511125
3801,0.5705374999999997
6986,0.5761375
465,0.4150375000000001
3238,0.7774750000000005
4291,0.773925
13559,0.6219875
11867,0.6473
6768,0.8067250000000004
12312,0.41053749999999994
10965,0.7624749999999996
1175,0.4270625
8012,0.6582375000000005
13633,0.6519374999999997
14406,0.1050375
5948,0.7297500000000001
7367,0.670625
3015,0.5730124999999997
5026,0.6233624999999997
8219,0.7216500000000001
6071,0.6709625000000002
5926,0.6602
11518,0.7420249999999998
4091,0.6907749999999999
13059,0.5967875
8775,0.6240999999999998
10396,0.8155624999999999
8268,0.6816875000000002
651,0.10311250000000008
1856,0.10987500000000003
7430,0.44143749999999987
13805,0.724075
498,0.3967374999999999
12836,0.7030500000000001
8927,0.6960875000000002
10359,0.6972624999999997
6887,0.4568500000000001
7210,0.45953750000000004
2537,0.7071124999999998
7104,0.7580249999999998
12299,0.8160624999999999
5588,0.5824125000000001
11696,0.7578499999999999
419,0.8030000000000002
3231,0.7050875000000001
14007,0.6897249999999998
124,0.3928999999999999
5156,0.3565875
2560,0.6886625000000001
8353,0.6854750000000001
396,0.42017500000000013
1412,0.41930000000000006
4471,0.7391250000000003
14315,0.40831250000000036
1668,0.8066499999999998
11023,0.7366374999999997
4417,0.7084750000000002
9168,0.6953
10609,0.7696499999999998
12674,0.40085
2091,0.4911500000000001
8743,0.5598125000000002
8198,0.7521749999999999
3375,0.7625875000000002
1886,0.09663749999999996
11908,0.5854625
2596,0.7091625000000003
10689,0.7216750000000004
7016,0.47647500000000004
8726,0.6963125000000002
10,0.4104249999999999
8521,0.7046375000000001
14801,0.41328750000000003
10354,0.6081625000000003
7342,0.7117875
6056,0.515025
3424,0.7173625000000002
9082,0.7178999999999998
12432,0.4129875
10393,0.7414375000000001
6992,0.713575
4536,0.5668375000000001
14427,0.40321249999999986
12398,0.8075749999999997
8253,0.5673124999999999
13636,0.6927
92,0.4234875000000001
1360,0.13606249999999998
4834,0.6481000000000001
537,0.408275
65,0.495175
12934,0.7354874999999998
6233,0.6931875
10618,0.7528749999999997
8341,0.7350874999999998
6431,0.5971000000000002
11369,0.7597375000000003
12622,0.4610125
13686,0.7282625
11122,0.642725
1182,0.8646375000000001
3947,0.7068000000000003
2455,0.7002249999999999
11027,0.7611625000000001
2326,0.7108999999999999
14374,0.8148624999999997
8525,0.4767
13031,0.6442249999999998
28,0.4118375000000002
8835,0.692925
6556,0.5774625
14611,0.8185999999999998
11100,0.7759124999999998
14006,0.7338625000000001
9745,0.5532999999999998
5989,0.5359749999999999
2318,0.7994874999999999
6468,0.8189375000000008
8004,0.6594249999999999
10987,0.7131999999999997
1736,0.0991
12024,0.4084125
12897,0.7155125000000001
10520,0.7340875000000001
766,0.8010625000000001
14752,0.8181500000000004
727,0.4073125000000002
557,0.4205625000000003
2932,0.5229874999999999
12534,0.7853250000000002
7191,0.6565625
193,0.11018750000000004
3841,0.6837625
4039,0.6069999999999998
11214,0.6417999999999996
10677,0.47782500000000006
5074,0.5703499999999999
11331,0.7239999999999996
7609,0.7991250000000003
5313,0.6892249999999995
1510,0.7980250000000002
11037,0.6600374999999998
13398,0.6766250000000003
2170,0.5745500000000001
12624,0.41318749999999993
9268,0.36696249999999997
13162,0.4940999999999998
4402,0.6882124999999999
4038,0.7041875000000005
13869,0.5435874999999998
4071,0.6735625
1821,0.0998125
848,0.11856249999999999
7740,0.6992625
13186,0.7480749999999998
496,0.10796250000000004
13879,0.6923499999999999
3383,0.6941374999999995
1541,0.4765625000000001
13033,0.7533000000000005
4972,0.7367875000000003
74,0.11822500000000005
1564,0.504475
3018,0.7969124999999997
11618,0.7079000000000001
11959,0.6494875000000002
5051,0.721525
4362,0.7182999999999998
6814,0.7602125000000001
12861,0.6558374999999999
10684,0.5330500000000001
12260,0.41068750000000004
7565,0.7719124999999998
9130,0.7272125
7267,0.42430000000000023
7243,0.7166625
3884,0.7026875000000004
2652,0.733775
14537,0.40258749999999993
11708,0.45387500000000003
7091,0.690025
9741,0.6842999999999998
806,0.40677499999999983
7332,0.71305
10777,0.64375
5789,0.6097499999999998
8241,0.6317624999999998
9416,0.5333875000000001
9309,0.7281625000000002
226,0.41563750000000005
8508,0.7557999999999998
11609,0.7100000000000005
4585,0.6678000000000004
5178,0.7682625
4954,0.6922125000000002
2598,0.61215
14024,0.6959875
8059,0.5741999999999998
11144,0.7470125000000002
1013,0.09897500000000005
9107,0.7404000000000004
6376,0.7590000000000001
1791,0.11246250000000005
9850,0.7637999999999999
2765,0.679225
4640,0.6455625000000003
9244,0.3608249999999999
13252,0.6676750000000002
14539,0.0998125
3530,0.7485875
6162,0.6769
4821,0.7637624999999998
6521,0.721125
6081,0.45142499999999997
9709,0.6463124999999998
6361,0.7317500000000001
334,0.11666250000000003
2268,0.48088750000000013
12408,0.8314250000000005
2801,0.62775
2235,0.5378125
8860,0.7192374999999999
11666,0.72325
12040,0.7996375
11732,0.5422750000000002
9342,0.7085875
2128,0.7575249999999999
3761,0.7459874999999994
3832,0.664225
522,0.10267499999999996
14794,0.41701249999999995
1813,0.09728750000000003
13647,0.6785874999999997
10848,0.6149874999999998
743,0.10512500000000002
10788,0.6779125000000001
5674,0.7253249999999999
14647,0.10593749999999995
110,0.39781249999999985
4913,0.6439
4550,0.5800750000000001
4872,0.6911124999999999
1612,0.5636624999999997
9752,0.7090124999999998
11177,0.7517375000000002
14953,0.40367499999999995
2890,0.7464749999999997
697,0.10486250000000005
10399,0.7483375
90,0.4187875000000002
14705,0.8139125000000001
9725,0.6909249999999999
4085,0.68815
857,0.11788749999999999
3855,0.6879250000000001
13081,0.665175
3552,0.6668249999999997
8877,0.6948375000000001
14573,0.407725
5943,0.6660499999999996
3723,0.6172374999999999
12883,0.780925
634,0.8219125
14622,0.86625
8413,0.6555875
12698,0.4068500000000001
13044,0.7205749999999997
13038,0.7075250000000003
12830,0.48825
2151,0.7047999999999998
7219,0.7015250000000002
9021,0.5066624999999998
9150,0.7464250000000001
3886,0.7624000000000003
5669,0.6550375
5368,0.7479625000000003
5678,0.473075
6029,0.7778124999999996
68,0.8291000000000001
5686,0.6842874999999997
14685,0.8155374999999999
14887,0.42608749999999995
6920,0.7559749999999998
2181,0.7884124999999998
7214,0.7740000000000002
6422,0.6718625
3282,0.7347499999999999
5090,0.6991999999999996
6710,0.6709625000000004
4055,0.7445875
11570,0.7923374999999995
14568,0.40111250000000026
11390,0.647375
10735,0.6742375
7813,0.7013624999999999
10446,0.645175
8994,0.5920750000000001
13425,0.6760749999999999
8529,0.5841000000000001
9919,0.7158375000000001
7362,0.33921250000000014
4176,0.7560375
3117,0.7288125
13130,0.5198875000000002
2557,0.6392999999999999
13646,0.6634249999999999
10260,0.7393999999999997
1124,0.4048374999999999
3944,0.6355999999999998
12250,0.8269375
14061,0.6533249999999999
7894,0.7125374999999997
5082,0.46841250000000006
1198,0.09795000000000002
11999,0.7126625000000002
10912,0.6598999999999997
7027,0.6642375000000003
2919,0.730075
231,0.8333124999999997
4289,0.456925
11857,0.7142750000000002
5598,0.6374625
7379,0.743775
1101,0.10540000000000002
6558,0.6383874999999999
11207,0.663
589,0.40190000000000026
9689,0.3715875
4080,0.6781124999999999
10409,0.7194124999999999
6815,0.7340375000000003
4920,0.7415875000000001
230,0.40032499999999993
9751,0.5984249999999999
7361,0.754775
12444,0.39868749999999986
7458,0.6800499999999999
8406,0.7381000000000002
5336,0.7531124999999997
11902,0.7431749999999997
10822,0.7720125000000001
8057,0.68895
9880,0.7498999999999998
1330,0.41202500000000014
4399,0.7070749999999997
135,0.33911250000000004
6513,0.6628875
3741,0.5986249999999997
7697,0.6622999999999999
14577,0.10214999999999996
4475,0.7284499999999999
984,0.8021624999999997
6965,0.4035500000000002
4839,0.7738375000000002
4087,0.6851500000000001
10443,0.6546749999999999
11571,0.7038
4137,0.7325875
9570,0.5708374999999999
705,0.4125249999999999
4204,0.7171750000000003
9722,0.7468374999999997
5510,0.6899750000000002
4991,0.5472249999999996
6473,0.7166124999999999
6961,0.7090875000000001
14228,0.8291624999999998
7928,0.503475
12459,0.40812499999999996
4865,0.7532625000000003
4760,0.6910000000000001
13300,0.7535249999999999
10647,0.6877375000000001
2106,0.6748749999999998
13526,0.7099624999999999
12009,0.38325000000000037
6275,0.7558999999999999
713,0.8138624999999999
14729,0.4205124999999998
2117,0.7069124999999996
2904,0.6832125
8014,0.7070499999999995
981,0.380075
11314,0.6982624999999999
11547,0.5854625
9581,0.7106625000000002
7238,0.6125250000000001
5346,0.7192375
2177,0.7308250000000001
4798,0.37970000000000004
1197,0.8210124999999998
3905,0.7001249999999998
13754,0.7016000000000002
8377,0.4725624999999999
12689,0.8024125000000003
1649,0.40502499999999986
3745,0.7066375
2540,0.6532624999999997
1816,0.4118375
2167,0.6991624999999999
12871,0.7148000000000001
8243,0.6018250000000004
8179,0.6657124999999998
13489,0.6439000000000001
5929,0.5484374999999999
12798,0.7878125000000001
4599,0.5280874999999999
14674,0.7903
6438,0.7155750000000004
13458,0.6407500000000004
11695,0.7518250000000001
9619,0.7085000000000005
10151,0.7458625000000002
12504,0.7539125000000001
10510,0.6886000000000003
13093,0.6866875
158,0.40818750000000004
9924,0.7167499999999998
11058,0.7215624999999999
4411,0.5243125000000001
6409,0.4554250000000001
8584,0.7030500000000001
5428,0.49301249999999996
6435,0.6687374999999997
13119,0.5245750000000001
5859,0.46790000000000004
2378,0.7360999999999996
11601,0.6542749999999997
10994,0.7410125
1153,0.10890000000000004
2984,0.7551
8504,0.7167000000000002
4604,0.7707000000000002
12782,0.8227000000000004
12313,0.41168749999999993
8000,0.7443875000000001
9648,0.5894499999999998
2478,0.7443500000000004
1673,0.8117125
1814,0.8152375000000003
4461,0.7456000000000002
8758,0.5013500000000001
6877,0.6394250000000001
12318,0.11545000000000002
4016,0.7657124999999997
12736,0.7936000000000001
3907,0.6856374999999999
6419,0.41975000000000007
8029,0.5352
8486,0.7671499999999998
9649,0.6687124999999998
5662,0.5671250000000002
3043,0.548475
10625,0.6751000000000003
12022,0.10571250000000003
2211,0.7593625000000002
10032,0.45157500000000006
6974,0.6181999999999996
9153,0.549825
13220,0.6457249999999999
6683,0.6802500000000006
3033,0.7411875000000003
10225,0.7222250000000001
8302,0.43147499999999994
10991,0.5554875000000004
5155,0.68745
10513,0.6941625
7694,0.7204
2665,0.6597875000000002
1059,0.5499749999999998
2334,0.6121624999999996
14923,0.4012875
10638,0.6797625000000005
11754,0.6809000000000001
7618,0.6914750000000003
14366,0.10855000000000001
4462,0.7118000000000003
1533,0.40472500000000017
1804,0.4016375
12266,0.10152499999999998
12120,0.5565125
5386,0.44857500000000006
11445,0.7048125000000003
13373,0.7544500000000004
6124,0.677325
13584,0.565025
3430,0.7419250000000004
6901,0.6463124999999998
5718,0.7084625000000002
645,0.4111374999999998
2995,0.7401499999999999
9633,0.4967624999999999
14166,0.7084125000000003
8647,0.7044625000000002
11510,0.5950374999999996
698,0.4065625
5695,0.7329749999999998
7130,0.6967125
5938,0.6815749999999997
10931,0.7691125
3567,0.7747499999999998
9242,0.7052999999999998
12116,0.5427874999999999
2400,0.5714625
3529,0.38013749999999996
8235,0.7025125
8100,0.6790874999999998
10203,0.7242874999999999
11316,0.7274875
2880,0.7089374999999998
4175,0.6702625000000001
3602,0.7753749999999997
4733,0.70255
14617,0.8518750000000004
4806,0.7188875
1462,0.41123750000000003
6718,0.7329999999999999
2909,0.7115499999999993
13328,0.7438000000000005
8451,0.37863750000000007
10612,0.6544125000000001
11323,0.7500124999999999
1025,0.40292500000000003
14795,0.4193124999999999
13436,0.7891250000000001
11831,0.7319124999999999
184,0.424975
14529,0.10596250000000003
3575,0.5527374999999999
8473,0.6555125
4111,0.50925
3069,0.7118749999999997
11880,0.7217499999999999
5321,0.7072249999999997
6172,0.5579750000000001
11953,0.6507625000000001
11201,0.6827250000000002
5079,0.741875
7043,0.7189750000000001
2452,0.5712875000000003
13187,0.7206250000000003
1177,0.8221499999999999
12283,0.10342500000000003
11132,0.5386874999999998
7124,0.7082000000000002
10267,0.4512625
13077,0.6427000000000002
12257,0.4132875000000002
7657,0.701375
3244,0.6773500000000005
9767,0.7504874999999998
13644,0.4882124999999998
8614,0.674075
11674,0.7335750000000001
5752,0.78575
5713,0.7488874999999997
9432,0.5306624999999997
10453,0.7499750000000004
8433,0.7273000000000001
5915,0.7343125
14086,0.4604375000000003
13616,0.6143499999999998
13722,0.7353
5551,0.7084375
4229,0.7402874999999998
13145,0.6940000000000004
133,0.41262499999999996
9824,0.51535
12716,0.39280000000000004
7253,0.7021624999999999
3683,0.6814500000000004
2094,0.5750874999999998
1617,0.8330750000000003
13386,0.5353
9991,0.5519624999999998
10810,0.6937874999999998
1418,0.09678750000000007
4885,0.7223499999999999
5852,0.5718624999999999
12227,0.402
13575,0.781225
6154,0.7327125000000008
12200,0.8308624999999997
14598,0.12223750000000007
12214,0.41996249999999985
7773,0.6143124999999998
8670,0.5238875000000001
9181,0.7407874999999999
3121,0.6487625000000001
7373,0.40427500000000005
10152,0.6967875000000001
2648,0.6686500000000002
7601,0.6295499999999999
13860,0.7196375000000003
5571,0.7109000000000002
3938,0.7141875000000001
14287,0.09913750000000007
12421,0.105675
13156,0.45346249999999994
5369,0.7673124999999994
4535,0.7636125000000002
13514,0.6997499999999994
6823,0.7375125
10734,0.6362124999999998
10482,0.7429625
5701,0.535925
2442,0.6978625
5484,0.7046875000000001
635,0.40077500000000044
88,0.41657500000000025
9020,0.7700624999999999
6297,0.7559500000000001
5729,0.7730625
12714,0.4056375
6500,0.6089500000000001
1637,0.11226250000000007
5476,0.7732374999999998
6918,0.7298499999999997
820,0.10248750000000006
8753,0.4238874999999999
8002,0.47106250000000005
2471,0.6986125000000001
3604,0.6150124999999999
7192,0.6677000000000002
1906,0.46986250000000007
4072,0.6838124999999998
14452,0.3992250000000003
3506,0.5933875000000002
3918,0.6413625
291,0.8165625000000002
4272,0.3686750000000002
7871,0.8034375000000002
13118,0.40423749999999964
6580,0.7275249999999999
12907,0.7324499999999998
13294,0.6814875000000004
4971,0.7224375000000003
2248,0.7102249999999998
2135,0.6617124999999999
6639,0.7221625000000002
4363,0.707175
12003,0.8119000000000002
10562,0.45942499999999964
13175,0.5020125000000001
8011,0.7586999999999997
14303,0.4124999999999999
1098,0.40918750000000026
14815,0.10551249999999998
9387,0.6913375000000002
10693,0.6464625000000003
8761,0.7347375000000002
12913,0.7393875000000001
538,0.8389999999999997
1011,0.4195500000000001
11635,0.6536875000000001
761,0.1011250000000001
101,0.40676250000000025
1496,0.10087499999999996
8103,0.6662250000000003
3810,0.48793750000000025
8630,0.7717000000000002
6827,0.7437375000000002
14618,0.10088750000000002
11772,0.7010500000000002
129,0.3980125
12686,0.1035625
13071,0.7386375000000001
3396,0.663
9516,0.6689750000000003
7555,0.5738999999999999
14670,0.4002374999999999
9392,0.6600875
10792,0.5538999999999998
7899,0.7585874999999997
10606,0.7597624999999998
8374,0.46365000000000006
13871,0.6992499999999997
1610,0.8223125000000003
604,0.10911250000000006
8512,0.7262875
2728,0.7487625000000002
7853,0.6659500000000002
1751,0.10025000000000002
13966,0.6644999999999996
2841,0.5939750000000001
9501,0.6603125
14996,0.41679999999999995
5748,0.6438125
13889,0.3323875
7475,0.6947249999999999
12336,0.8019375
10497,0.5216499999999998
6117,0.7159500000000003
3337,0.6865875000000001
2755,0.6078375000000001
11986,0.5953624999999999
1277,0.8004875
1508,0.7973374999999999
485,0.5282124999999998
8097,0.7502874999999999
3869,0.7813749999999998
10590,0.7576125000000001
2389,0.6342749999999999
11776,0.7136625
14542,0.10411250000000005
6553,0.5864125
3237,0.7007374999999999
6122,0.5052000000000001
1424,0.4087250000000001
13506,0.6831499999999996
11103,0.7091500000000003
3259,0.7147374999999999
9017,0.8656124999999998
1861,0.10248750000000009
11258,0.6282624999999998
1640,0.8470500000000001
7399,0.7406874999999999
1439,0.8350500000000002
13557,0.6710750000000001
3680,0.5855250000000003
1429,0.8035499999999995
8158,0.6768750000000001
5229,0.7286250000000001
3722,0.6442375000000001
1348,0.5449999999999999
12103,0.1123000000000001
4740,0.7393875
360,0.09996249999999998
11815,0.7479749999999997
1531,0.4170124999999997
8533,0.7612500000000002
9612,0.6762375
6374,0.667875
7412,0.7033499999999998
2720,0.6993499999999999
1221,0.8310374999999999
13312,0.370575
11105,0.5884625000000001
708,0.10007500000000003
12439,0.3889375000000002
13426,0.6134875
5388,0.7447624999999997
2556,0.7523249999999997
9814,0.7053874999999998
10921,0.7167750000000002
4389,0.7220499999999999
1216,0.3980499999999997
4835,0.6753875000000003
14521,0.10079999999999997
6903,0.67275
221,0.39722499999999994
2198,0.7454750000000001
535,0.40763750000000004
6203,0.771475
6886,0.7719874999999998
8281,0.7181000000000002
3851,0.4778124999999999
11322,0.7224750000000003
12354,0.3419000000000003
13551,0.69635
8119,0.3776874999999998
6941,0.7050875000000001
14238,0.4105749999999997
3641,0.6200499999999999
13128,0.6802749999999999
8520,0.7187125
11488,0.7598125
4702,0.7166625000000001
4701,0.6522374999999998
2358,0.7387625000000002
6305,0.6194249999999999
6311,0.6225875000000001
2717,0.7564374999999999
5145,0.5685999999999998
14914,0.4108000000000002
1246,0.414975
5958,0.6975124999999998
8884,0.7182250000000003
1723,0.1039625
5919,0.4842749999999999
7825,0.694275
9639,0.5200875
13309,0.7213499999999998
6697,0.7446375000000003
2601,0.6976000000000001
1394,0.4110249999999997
5528,0.74075
7827,0.6706749999999999
2568,0.4655375000000002
5825,0.648725
7330,0.45621250000000024
1012,0.10262500000000004
12727,0.40437500000000004
8086,0.4407874999999999
2959,0.7021250000000001
3472,0.5901124999999999
12999,0.7302124999999997
14421,0.40525
13054,0.6972375000000002
4374,0.75195
9360,0.7187875000000002
11568,0.6831124999999998
2815,0.6832750000000001
9697,0.5796874999999999
8559,0.7185375
13477,0.668725
13961,0.52225
1696,0.41987500000000005
1527,0.3902625000000005
12308,0.4189375000000001
4508,0.5594625000000001
11235,0.7006999999999998
11234,0.7728874999999995
11596,0.6642624999999998
8582,0.7280249999999999
9901,0.7293874999999999
43,0.10552500000000005
2562,0.7670625000000003
5129,0.6028874999999999
5801,0.725275
9452,0.6815874999999998
12845,0.7437500000000001
13535,0.6948749999999996
1057,0.40688749999999996
416,0.8276375000000004
10722,0.6980875000000002
786,0.8372250000000001
7553,0.6395125
8034,0.7426749999999995
6106,0.7738374999999998
3951,0.7230750000000002
2585,0.7587999999999999
11676,0.7429749999999999
9483,0.4097874999999999
13529,0.6017249999999997
8686,0.7446625000000001
7262,0.3614750000000001
8438,0.44400000000000006
2081,0.7084375
610,0.10361250000000007
3132,0.7060875
1461,0.40767500000000007
5327,0.7093124999999998
2201,0.4802624999999998
4427,0.7480624999999999
6835,0.6921624999999998
11581,0.5985000000000003
27,0.4109125000000001
11580,0.6148000000000002
6345,0.6698249999999999
12568,0.42178749999999987
10782,0.6194749999999997
11127,0.6560750000000004
5360,0.6089875000000002
4183,0.7193750000000001
13614,0.7034125000000001
6247,0.7271124999999997
5252,0.6890999999999997
8380,0.7050749999999998
8737,0.8439750000000004
13152,0.7886125000000002
1762,0.5032624999999998
13974,0.6548625000000003
6780,0.8148124999999998
313,0.42047500000000004
7288,0.5148875000000002
14191,0.5801625000000005
6108,0.7651124999999996
3293,0.7006374999999999
8722,0.7480375000000004
12211,0.39819999999999983
8736,0.5808000000000002
9826,0.7125875000000003
918,0.09751250000000009
5183,0.7416750000000001
8458,0.4832250000000003
11032,0.7026374999999997
10565,0.7514500000000002
2634,0.5510999999999999
6840,0.7009624999999999
13409,0.6632750000000003
10637,0.628925
946,0.4001125
14274,0.40535000000000015
6527,0.7199249999999998
4892,0.4990000000000001
288,0.8031999999999998
1557,0.5168249999999999
7814,0.5484374999999999
10524,0.7059
12993,0.6621874999999999
13909,0.6251999999999999
3388,0.7806375000000002
8747,0.6295375000000001
14692,0.10046250000000004
13277,0.7377125000000003
4646,0.7946499999999997
13431,0.5895875000000002
2115,0.6397625
3624,0.6178124999999993
3324,0.7178999999999998
13934,0.7166374999999999
8192,0.7134374999999997
882,0.09965000000000002
8137,0.7428125000000001
10468,0.7184874999999998
3498,0.668425
5253,0.61025
9503,0.7348250000000001
10335,0.42345000000000005
7304,0.7086499999999994
5837,0.6220499999999999
13747,0.6747875000000001
14840,0.4108250000000001
2746,0.6696624999999999
3153,0.5799
13868,0.6766374999999996
9885,0.6262874999999998
14118,0.6902375000000001
507,0.40378750000000013
7603,0.7675875
7023,0.6978500000000003
5769,0.6939125000000005
9572,0.5777250000000003
60,0.8186875
10144,0.6989375
14527,0.4033249999999999
986,0.4219125000000001
4819,0.7329875000000001
6005,0.7134250000000001
407,0.1010750000000001
6326,0.6787500000000003
12725,0.3940499999999997
176,0.41850000000000015
8908,0.7590624999999996
11777,0.5246125000000001
6892,0.7259125000000003
5037,0.7134749999999999
3378,0.708925
10290,0.6923624999999999
7220,0.7459125
2004,0.6864999999999999
10250,0.7434499999999996
14646,0.4068000000000002
2308,0.7324499999999998
14073,0.7678249999999995
8976,0.6710374999999997
5100,0.411475
4811,0.7536750000000004
344,0.4060374999999999
3049,0.7482749999999999
14963,0.0963875
471,0.40717500000000006
11937,0.6493875000000001
5255,0.6700624999999999
7895,0.6296000000000002
13809,0.7391375000000003
12900,0.7064500000000001
5353,0.67805
7706,0.6624124999999998
8081,0.7287375
10515,0.6985374999999998
5778,0.7275
5076,0.7405875000000001
12539,0.21778750000000002
3269,0.7318374999999997
7165,0.7216500000000001
2473,0.8120375000000001
8096,0.6158625000000001
4408,0.7043374999999996
2374,0.7173
8760,0.7415874999999998
1863,0.14656249999999998
1997,0.4101250000000002
4534,0.4060749999999998
5441,0.7919374999999997
11644,0.6568750000000002
552,0.8314750000000004
5599,0.5075000000000001
2780,0.7174375000000001
9413,0.6383875
14308,0.10385000000000011
4767,0.699975
7050,0.6647
5440,0.7266875
14203,0.696375
13881,0.6627000000000003
14149,0.36554999999999993
5980,0.6688750000000001
11029,0.7655000000000001
14927,0.39388750000000017
14240,0.3875624999999999
13902,0.6157250000000003
14633,0.8301124999999997
2964,0.5063500000000002
7689,0.5081499999999999
3727,0.5402124999999998
2806,0.5043
1647,0.41775
13484,0.5451124999999999
9804,0.6605874999999998
4616,0.7188874999999997
11946,0.7395000000000003
735,0.7428499999999999
9504,0.7231625
11771,0.5765375000000001
14028,0.7538374999999999
2065,0.49512500000000015
12894,0.6881249999999997
12433,0.7820125
2077,0.7136874999999996
10809,0.5313874999999999
10383,0.7225999999999997
13073,0.5268500000000002
10974,0.4713624999999997
3323,0.7528625000000002
3984,0.6791125000000002
5230,0.7080249999999999
14870,0.7728750000000002
2087,0.7836499999999998
11354,0.7270000000000001
12464,0.8196249999999997
4722,0.6940625
8724,0.5622374999999998
10467,0.3944500000000001
11998,0.5262749999999999
2914,0.7481624999999997
1930,0.7744750000000002
1219,0.7904874999999998
11335,0.5647250000000001
3245,0.5491125
3435,0.5582750000000002
13962,0.7924874999999995
3101,0.8228375000000007
875,0.11646250000000005
14219,0.8234000000000006
1003,0.41777500000000006
12088,0.4274375
14867,0.7600500000000001
9219,0.5656625000000001
9417,0.4450125
1685,0.8114250000000004
7178,0.6886625000000003
3559,0.46351249999999994
4520,0.4993500000000002
7028,0.4815500000000002
11713,0.6837125
8534,0.7797874999999999
14019,0.5491125000000002
6490,0.5676500000000001
10199,0.5299499999999999
838,0.810675
9586,0.7527624999999998
6213,0.7043499999999997
4727,0.7368500000000001
14074,0.6934500000000001
9041,0.5792625000000001
8020,0.6737874999999997
12912,0.507525
9738,0.627475
7777,0.6943000000000001
4128,0.3466625
2588,0.5834249999999999
14600,0.4165874999999999
7465,0.6983875
9720,0.6846250000000002
6336,0.7102249999999999
7653,0.7832874999999999
7768,0.487175
3144,0.738375
12917,0.7788250000000001
7591,0.7625875
2605,0.7299625000000003
14680,0.4010874999999999
12033,0.41575000000000006
6831,0.7319500000000001
6656,0.48241249999999997
1118,0.8216749999999999
1998,0.8036375000000004
4487,0.7219625
9599,0.7661999999999998
9718,0.7647999999999999
10094,0.77775
8456,0.560175
3034,0.7446625000000001
13074,0.6868125000000003
3081,0.6224375
5329,0.6848625000000002
7705,0.6066250000000002
4340,0.6045999999999997
12026,0.8187375000000005
9478,0.5672875000000004
4786,0.7084374999999999
14295,0.10301250000000002
4574,0.7251375
11374,0.7964125000000004
13253,0.6993874999999998
4256,0.7121375000000001
9577,0.7538875000000004
11487,0.7343999999999997
12772,0.5014749999999999
6753,0.6936125
11000,0.5677250000000001
1071,0.4140250000000002
12687,0.10566250000000003
4564,0.5458500000000001
12319,0.4243999999999999
14489,0.09968749999999996
12315,0.7840249999999995
10171,0.5713875000000002
11352,0.6597875000000003
1464,0.10048750000000009
12951,0.7556999999999997
10799,0.7175625000000009
4605,0.7123750000000002
4822,0.5030750000000004
12012,0.8317499999999995
10364,0.3901
3822,0.6072749999999999
7731,0.7769375000000001
8799,0.6032875000000001
3863,0.6911125000000004
4048,0.48412499999999997
2302,0.5683125000000001
6138,0.7380500000000002
2668,0.6635625000000002
8943,0.534975
13517,0.54335
2759,0.6811625
3188,0.7516874999999998
5197,0.6383125
242,0.39700000000000013
7112,0.6558125000000002
8252,0.7382999999999997
5057,0.7097500000000002
2933,0.6923250000000001
9875,0.6313000000000002
9487,0.4932500000000003
5323,0.6924624999999998
10605,0.6601249999999999
84,0.11527499999999993
7775,0.5860250000000001
12650,0.39798750000000005
2535,0.7648375000000003
2864,0.7613499999999996
290,0.40751250000000006
39,0.4077374999999999
2766,0.7054999999999999
2702,0.7617374999999997
8635,0.5288999999999999
2510,0.7778125
8693,0.6982375000000001
2142,0.66325
12043,0.09990000000000004
12606,0.3932125
4058,0.6090500000000003
10353,0.5480000000000003
1744,0.39628749999999985
4668,0.7280874999999996
8718,0.7512500000000001
3103,0.7547999999999999
2030,0.7181249999999999
4000,0.7448875000000004
8118,0.7073125000000003
7692,0.6683874999999997
938,0.10145000000000004
10895,0.7283625000000001
13219,0.6530500000000001
14610,0.09726250000000007
1772,0.8210249999999997
5091,0.7302249999999999
11917,0.6542250000000001
4894,0.4492874999999999
540,0.42216249999999994
4153,0.7167625000000004
7569,0.7550499999999999
13137,0.7376875000000003
2401,0.6562874999999997
12690,0.39316249999999975
10242,0.7024874999999998
8956,0.7229749999999999
5235,0.406875
12061,0.10538750000000001
6111,0.5651124999999999
3477,0.6827875
5706,0.7171750000000007
5949,0.4511000000000001
11044,0.8328749999999998
9272,0.6873500000000001
12536,0.1087375
14471,0.4162375
11071,0.69235
1134,0.40558750000000005
12229,0.8280875
5611,0.6206750000000001
4712,0.6810375000000001
3772,0.6041000000000001
13986,0.6607250000000001
6120,0.5561749999999999
13649,0.48607500000000015
13391,0.7797374999999998
6545,0.7514125000000001
4753,0.7682874999999999
5753,0.6808374999999999
7754,0.6803250000000005
7303,0.6918625000000002
6633,0.7034374999999998
3535,0.7556999999999997
8138,0.7032750000000003
3371,0.7332625000000002
76,0.10447500000000007
2630,0.6534500000000002
7616,0.6262375
11548,0.6430875000000003
5303,0.7749125000000002
3247,0.6729750000000002
356,0.39298750000000016
13911,0.7214374999999997
268,0.4067875000000002
5259,0.6960375000000001
12348,0.12613749999999999
1469,0.46453750000000016
7368,0.6922625000000002
2494,0.8126000000000003
12517,0.10443750000000003
6245,0.699175
8021,0.7358750000000001
11802,0.7522999999999999
14168,0.6756750000000002
4936,0.6235999999999999
1731,0.4170250000000002
8334,0.6743750000000001
4603,0.6913375000000003
921,0.4137749999999999
523,0.8135750000000002
10656,0.7316625
12964,0.47376249999999986
5470,0.6867750000000002
5881,0.7167125000000005
12997,0.7450125000000003
14023,0.6037249999999998
8505,0.7331249999999998
8025,0.7010500000000002
175,0.5669499999999997
9393,0.7434249999999997
8785,0.73135
2662,0.6247125000000002
9475,0.6829124999999999
6636,0.7165000000000001
10608,0.7499000000000001
10846,0.6853374999999999
11086,0.6651999999999998
1433,0.39145
12212,0.7986125000000006
1172,0.39777499999999977
932,0.4064249999999999
13338,0.6390125000000004
14241,0.1327875
4622,0.6729125
9681,0.7217250000000005
10754,0.7283250000000006
4444,0.42392499999999983
6743,0.6805749999999999
432,0.4076749999999999
12986,0.6549249999999999
14093,0.5331374999999999
7644,0.7039875000000001
7444,0.7204874999999996
9652,0.5408124999999999
11660,0.7
8160,0.5328124999999997
6784,0.6002374999999999
9930,0.6318875
10282,0.7099625
4385,0.6979624999999998
7276,0.7372999999999998
11936,0.6457375000000003
10902,0.7508500000000007
11647,0.4737375000000002
9719,0.7498499999999997
6397,0.7203124999999999
9717,0.7372
11814,0.4605249999999999
14200,0.7551250000000002
9922,0.6215500000000003
8603,0.7011125
6278,0.7911750000000001
185,0.4023999999999999
14785,0.40649999999999986
7817,0.7477375
8513,0.6186499999999998
7656,0.5076875000000001
2739,0.6455
10331,0.5450125000000001
10407,0.7065250000000001
12219,0.8390999999999998
2465,0.4212625
13622,0.3742500000000001
10582,0.6728749999999999
8369,0.7601625000000001
4526,0.6494500000000001
2286,0.7390000000000001
5628,0.7435
14586,0.8171875
854,0.8299125
6436,0.6314875
10854,0.7320374999999999
776,0.11321250000000002
5743,0.6539999999999998
14294,0.7942124999999994
9694,0.6326624999999998
1328,0.0972125
12445,0.10082500000000003
4970,0.6561749999999998
9954,0.7197624999999999
6533,0.7032250000000002
5308,0.6428750000000002
2644,0.775275
13333,0.6648374999999996
6343,0.6631250000000001
12379,0.7777499999999999
13060,0.6781874999999997
6747,0.81885
13675,0.6376124999999998
5905,0.7198625
7116,0.6367499999999996
13924,0.7349249999999997
2613,0.7215000000000001
2444,0.7368750000000002
9971,0.6516874999999999
4883,0.5547624999999999
8028,0.7001250000000002
254,0.7119624999999996
11412,0.62985
10408,0.6975499999999998
11019,0.6523625
6046,0.6932500000000001
2336,0.6930125000000001
13829,0.7134250000000002
9688,0.6988125
6738,0.7199250000000001
6021,0.684675
7850,0.7527124999999999
415,0.4117625000000002
6741,0.758575
12451,0.8081375
10375,0.7991624999999994
6101,0.6839875000000003
5765,0.6755749999999996
11826,0.7335375000000003
2955,0.6462874999999999
11004,0.7532500000000003
3226,0.7171625000000001
1792,0.41518749999999993
2433,0.7688749999999998
10631,0.7279249999999999
4776,0.7209625000000001
5373,0.6853374999999998
12980,0.7611999999999999
5856,0.5288874999999996
11135,0.5973499999999999
5596,0.5398249999999999
7846,0.727425
4295,0.730225
5870,0.7153000000000002
13817,0.462025
5331,0.7108375
8742,0.7518125
11173,0.7790625000000001
14588,0.4015999999999999
1006,0.4087749999999999
7931,0.42135
7751,0.8042124999999993
8744,0.5362625000000001
9895,0.7425874999999997
13499,0.6771125
2130,0.7081249999999999
10947,0.7330875000000004
2628,0.710625
11242,0.7031250000000001
10929,0.30169999999999997
990,0.10511249999999998
8501,0.6742874999999999
9742,0.7487874999999998
14054,0.6322250000000001
297,0.4092750000000002
12387,0.12511250000000007
14462,0.8303875000000002
10532,0.6934250000000003
11355,0.7255999999999996
2082,0.6170625
4004,0.43345
12235,0.8094625000000004
4265,0.5241000000000002
13440,0.6222750000000004
4513,0.4673374999999999
3800,0.7053499999999998
2237,0.6977625
1064,0.5631749999999996
6712,0.7622499999999997
879,0.8279499999999997
14591,0.41966250000000016
14062,0.6834249999999998
2210,0.5528875000000003
13914,0.6797249999999997
7008,0.48782500000000006
10281,0.5337875000000001
1573,0.25235
6335,0.6981875
10657,0.6977000000000001
13397,0.7436375000000003
14072,0.6767999999999998
1109,0.8077874999999999
9015,0.8143874999999999
10117,0.468125
5660,0.7608875000000002
5842,0.7647125000000004
13266,0.6305500000000002
4512,0.7220749999999997
11342,0.5886
11527,0.6291500000000001
11008,0.5886875
6914,0.7308999999999999
14409,0.09833750000000005
14101,0.4378375000000002
9391,0.48160000000000014
6427,0.722725
3175,0.7319250000000002
10213,0.7226125
13926,0.44711249999999997
7837,0.5884750000000001
8276,0.7791874999999999
4982,0.5556625000000002
591,0.5055875000000001
14637,0.8350625000000005
13249,0.7331624999999999
3091,0.6738125000000001
9178,0.6730374999999997
3557,0.6869625
12083,0.8262625
10053,0.7289874999999996
9223,0.37508749999999996
13539,0.5674875000000003
4132,0.622125
3565,0.7182000000000001
5840,0.6513500000000001
9910,0.6161625000000004
8069,0.736925
12335,0.4099000000000001
10573,0.3969125000000001
12363,0.8190500000000001
12924,0.7364125000000004
12472,0.8173625000000001
2420,0.5685625000000003
10601,0.7651999999999999
12341,0.39312499999999984
3659,0.5200875
1915,0.4001999999999999
3465,0.6439875000000004
3695,0.6912000000000003
3622,0.5272875000000001
9757,0.48107499999999986
14933,0.09437500000000007
2611,0.7538125
5933,0.7612875000000003
10197,0.45886249999999984
3757,0.7421124999999997
7449,0.6079250000000003
7678,0.7320499999999998
12543,0.7777625
7675,0.6917375000000001
8968,0.6505875000000001
8359,0.6071375
9775,0.7941875000000003
2273,0.8184249999999998
14858,0.40116250000000003
5540,0.6400499999999998
12557,0.4071875000000002
1454,0.43408750000000024
5334,0.7029249999999997
797,0.24608749999999996
6231,0.7336750000000001
5262,0.6607375000000001
7599,0.6596125000000003
2005,0.6667750000000001
7273,0.6589750000000001
1972,0.4096000000000003
11726,0.6568375000000002
2447,0.7545750000000003
5458,0.68095
7794,0.4041499999999999
8833,0.5072375
5426,0.7713625000000001
8147,0.7312999999999997
464,0.7979374999999999
914,0.7357875000000001
11886,0.7159750000000003
1077,0.8319125000000002
2688,0.34931250000000025
3590,0.6485499999999997
4566,0.5925874999999997
5890,0.7635625
12735,0.7860250000000001
8071,0.6785249999999998
13624,0.6412250000000002
11424,0.6770124999999998
4529,0.7348125
9229,0.6942999999999999
2953,0.7432375
14344,0.3999624999999999
1214,0.1001875000000001
10128,0.7697749999999999
2331,0.7012750000000005
6337,0.44178749999999994
12984,0.8183375000000002
1343,0.4146625000000001
6240,0.7137625
12971,0.6304500000000002
2654,0.5462750000000002
11642,0.7178249999999996
4803,0.5327999999999997
3223,0.7036500000000001
1388,0.4820500000000002
4862,0.7545374999999998
6077,0.7349625
3776,0.6829749999999999
12436,0.10417499999999999
12898,0.7999125000000004
11251,0.5981625
7600,0.7249375
2659,0.6862250000000002
11728,0.7006874999999998
478,0.7922125000000002
6669,0.6865375000000002
14459,0.8353875000000002
7329,0.7171624999999998
2519,0.7791375
13765,0.7255000000000004
14020,0.5826874999999997
13444,0.6964124999999999
12977,0.6991124999999999
10309,0.7130875000000001
5708,0.7743874999999998
2529,0.7032250000000003
12513,0.10539999999999998
922,0.4134499999999998
1314,0.40483749999999985
4581,0.7321875
6957,0.5393125000000002
410,0.37467500000000015
11716,0.6655625000000003
8841,0.6043624999999998
2989,0.5555625
8437,0.5247374999999999
14538,0.8080749999999999
8189,0.7377
5405,0.6770749999999998
6651,0.6470375000000002
8814,0.5794250000000001
9737,0.6447749999999999
9007,0.6912625000000001
3681,0.6084375000000002
7450,0.7683749999999997
4925,0.6976875000000002
12649,0.40898749999999995
4051,0.43210000000000015
3666,0.6686250000000002
6244,0.635425
5109,0.7610875
12074,0.11130000000000004
3123,0.7265500000000001
11607,0.6975750000000001
7365,0.7168624999999997
1129,0.10210000000000004
3966,0.7305499999999998
7845,0.4809125000000001
13943,0.5721249999999998
12720,0.4116500000000002
503,0.40908749999999977
7734,0.5874624999999998
8208,0.7030249999999997
3417,0.6058375
12559,0.10932500000000007
2398,0.6083999999999998
5716,0.5680875000000007
13692,0.7505375000000001
3434,0.6277374999999997
1225,0.4011625000000002
10100,0.6138125000000001
14621,0.3704375000000001
6181,0.7570250000000001
5725,0.3777250000000002
5055,0.5328624999999998
9894,0.6680374999999998
7030,0.622775
5639,0.7310875000000001
14502,0.7915374999999997
11661,0.3944875000000001
3823,0.7073624999999999
2831,0.7036124999999999
6508,0.6655625000000005
13469,0.6543124999999999
12455,0.41693750000000007
3009,0.7051500000000002
10951,0.4269374999999996
702,0.4163124999999999
10194,0.6862624999999998
1715,0.4029874999999999
2821,0.5321000000000002
7549,0.4002625
889,0.10193750000000001
1526,0.7383875
588,0.7842624999999996
14493,0.7887000000000002
740,0.10048749999999998
14184,0.599375
533,0.4201374999999999
10973,0.6976375000000001
2319,0.70885
13448,0.4839000000000001
9721,0.7616375000000002
5541,0.48945000000000016
798,0.09875000000000003
5163,0.7384625000000002
6788,0.7399125
7229,0.6877875000000002
781,0.8104250000000002
8865,0.7353625
11473,0.3953875
4110,0.7528999999999998
12958,0.6320874999999999
9994,0.80155
12287,0.11863750000000003
7870,0.6605375000000003
232,0.14245000000000002
14816,0.7844875000000001
11066,0.7445375000000003
13928,0.6386874999999999
1152,0.41252500000000003
3719,0.5740625000000001
5823,0.7217125
14662,0.8258124999999998
9692,0.6998
12915,0.4893624999999999
2642,0.7141874999999999
2404,0.7136
9594,0.7451000000000001
7547,0.6764749999999998
14806,0.3066125
4842,0.6612375000000001
4134,0.6707750000000006
12094,0.09838750000000013
8016,0.7262749999999999
8152,0.7163874999999997
5486,0.7329624999999997
437,0.4043000000000001
10790,0.5169500000000002
1704,0.4084875
8920,0.6499750000000001
9356,0.701175
4076,0.4376875000000002
9615,0.6047624999999999
9878,0.5200375000000002
11811,0.7408124999999998
4711,0.6663624999999997
9940,0.7779
8989,0.6401000000000001
1005,0.47528749999999975
11470,0.6598875000000002
9136,0.65165
6592,0.6668000000000001
1688,0.4108499999999998
12314,0.10551249999999997
2321,0.7006625000000002
1014,0.4098125
13978,0.7837874999999994
6047,0.7209999999999999
7186,0.5781875000000002
9443,0.7055374999999999
13075,0.7484875000000001
4449,0.5194875000000001
9974,0.6403875000000003
3260,0.7390875
2247,0.6619375000000003
4816,0.7549624999999999
11796,0.6865499999999998
1748,0.8177375000000003
13870,0.35843749999999985
6904,0.7345250000000003
517,0.10096250000000002
5324,0.7165625
13523,0.7588124999999998
10048,0.7425625000000001
10271,0.7293875
9492,0.4939375000000001
10990,0.7264125000000006
7471,0.7464250000000003
7025,0.7830124999999997
10388,0.7468000000000001
9166,0.5109624999999998
2885,0.6905125000000003
4789,0.7228874999999999
11357,0.7752
9186,0.724925
13683,0.6677624999999998
11692,0.7511749999999998
8161,0.53115
2298,0.5361749999999997
3369,0.6875500000000001
118,0.407325
9754,0.7847999999999998
3513,0.7349625000000002
13681,0.7110875000000001
2865,0.7593625000000002
10066,0.7312250000000002
14418,0.8092250000000003
3180,0.7444625000000002
6777,0.712675
13753,0.6892250000000001
5246,0.6283000000000005
10775,0.6683749999999999
2687,0.7099875000000004
12477,0.09870000000000005
5185,0.6993250000000004
1168,0.7736125000000001
13581,0.5067625000000002
14820,0.09698750000000003
6573,0.7022625000000002
10366,0.57585
7874,0.7132749999999997
14331,0.6060125000000001
1893,0.12553750000000002
6243,0.5279249999999999
6356,0.6893499999999998
8781,0.6829875000000002
9073,0.6741000000000004
10665,0.7488000000000004
11605,0.63735
13305,0.712375
8092,0.6820000000000002
1016,0.40858750000000005
7200,0.7374500000000002
601,0.8148624999999997
4040,0.7348750000000004
4021,0.48826250000000027
6818,0.6685874999999994
4202,0.7044750000000001
6956,0.7095125000000001
13161,0.7281125
7498,0.8024125
970,0.40678749999999997
7799,0.5284625000000001
1261,0.40845000000000004
11606,0.4424125000000001
4457,0.6232125000000001
3191,0.6863999999999998
310,0.10267500000000003
5614,0.6886374999999998
10324,0.39287500000000014
181,0.11471250000000006
14046,0.5681375000000001
1585,0.8014249999999998
13802,0.6437999999999997
1509,0.41198749999999995
1108,0.09891250000000001
1031,0.39522500000000027
8780,0.7044625000000004
14155,0.7497624999999998
14509,0.39592499999999975
12159,0.41458749999999983
1628,0.41602500000000014
10034,0.7247875000000001
11250,0.6676124999999999
14066,0.7555249999999998
12895,0.5908875000000001
10859,0.7402374999999999
13698,0.7185624999999998
11202,0.5047999999999998
4772,0.7452499999999999
10776,0.7849999999999999
6977,0.7095375000000002
10696,0.6968624999999999
4864,0.7182125000000001
14151,0.6059374999999998
14260,0.4001875000000001
11468,0.7547375000000001
3788,0.7073500000000001
1034,0.10240000000000005
5795,0.6371249999999999
9118,0.7779624999999999
9179,0.6527624999999997
2767,0.58785
13980,0.6404625000000002
5394,0.7115124999999998
1434,0.40859999999999996
10877,0.7195125000000001
7387,0.6733124999999998
6730,0.5181375000000001
11077,0.7401249999999997
5333,0.6414625
6255,0.5109875000000001
1592,0.44754999999999995
8088,0.581225
14117,0.6851500000000003
11528,0.7898499999999997
13135,0.7300875000000006
14791,0.4074625
4886,0.6925624999999995
8885,0.7178875000000002
10747,0.6065125
14458,0.41792500000000005
7472,0.6512375000000001
741,0.514425
12706,0.8267500000000003
2450,0.7139624999999995
5843,0.6742375
11531,0.6043000000000006
7908,0.5282625
7376,0.4769500000000001
5179,0.5029249999999998
5712,0.5322625000000001
9077,0.8213750000000003
8010,0.510775
8819,0.7160500000000001
4713,0.7636124999999999
4636,0.6939249999999997
5118,0.7519374999999999
7255,0.4553249999999999
3020,0.7984999999999999
386,0.10181250000000006
3510,0.7684875000000002
4013,0.7193000000000003
13399,0.7774249999999998
10372,0.7446500000000003
2903,0.2588000000000001
8455,0.553825
655,0.8156125
6520,0.4342125
11597,0.7163999999999998
7440,0.7152250000000004
1180,0.8247250000000002
3755,0.691975
7432,0.7388124999999998
3372,0.7476625000000001
8310,0.57335
1855,0.801675
2051,0.6089125
8454,0.6950499999999995
13343,0.5888375000000001
4208,0.6853125
4554,0.7572999999999996
3720,0.7147750000000003
14105,0.6481625
13746,0.6954750000000002
10287,0.48648749999999996
4002,0.5913624999999999
11592,0.7233124999999999
14435,0.41191249999999996
6532,0.7332249999999993
9324,0.6506124999999999
8080,0.7694625
12210,0.3959250000000001
2345,0.8564
13351,0.597425
6980,0.6532875000000005
3186,0.7024125
14686,0.43056250000000035
6323,0.7665750000000002
8646,0.7024625000000003
2505,0.7200625000000002
468,0.8472000000000002
9714,0.697575
13569,0.7210750000000001
10401,0.6769124999999998
4151,0.7459874999999998
1403,0.7992625000000002
6725,0.470125
11519,0.7187875
3030,0.7080499999999996
5955,0.7294125000000002
9977,0.6922375000000003
7385,0.7397250000000001
6051,0.6471750000000002
2609,0.7697375
764,0.8004125
11211,0.6114000000000003
8492,0.5991750000000001
8591,0.5539625000000004
3087,0.3050124999999999
11315,0.5720749999999999
12839,0.7466250000000001
3853,0.7088749999999998
4463,0.595075
10983,0.5759374999999999
1576,0.6267375000000002
6524,0.7254750000000001
2607,0.6865125000000001
628,0.7954874999999998
8355,0.3670249999999998
1385,0.41403750000000006
9518,0.7398624999999999
11903,0.7676624999999997
14111,0.6703125000000001
6990,0.7023249999999999
11974,0.5029375000000001
11611,0.5942375000000003
14560,0.4032874999999998
12161,0.8313875
12372,0.40231250000000013
107,0.421075
10412,0.3742999999999999
5004,0.7937874999999999
13480,0.6901625000000001
87,0.41216250000000015
10571,0.5013750000000001
6277,0.6645250000000004
6841,0.7100625000000002
9361,0.7445000000000002
4158,0.4593625
5500,0.6954750000000001
13028,0.48134999999999983
10952,0.3577
5048,0.7125000000000005
1598,0.7959499999999998
4159,0.7917875
240,0.10971250000000007
10969,0.6812499999999998
9509,0.7694750000000002
12234,0.5281374999999997
12863,0.3571375000000001
7920,0.4899874999999999
10890,0.7100625000000002
2683,0.598825
12486,0.38792500000000013
11824,0.7501625000000003
6357,0.47638749999999985
2304,0.7455999999999999
7132,0.585675
9800,0.7205875
5490,0.5049124999999999
14306,0.40943749999999984
1112,0.10142500000000006
10772,0.6988999999999999
939,0.42352500000000004
3471,0.7475250000000003
3203,0.7021625
5269,0.592725
6098,0.7692500000000002
4496,0.7731999999999999
11181,0.42694999999999983
78,0.41576250000000015
10655,0.7609249999999996
7666,0.7681625000000001
6966,0.7876499999999999
14516,0.4251624999999997
14673,0.6763874999999997
6919,0.6920875000000002
2986,0.7543125000000002
12946,0.7021999999999998
11226,0.5984624999999999
1908,0.8067624999999999
3576,0.71715
14042,0.7809625000000003
506,0.8186999999999998
9951,0.7466875000000003
1737,0.10008750000000008
13380,0.7069000000000001
8331,0.5234125000000001
9846,0.7543124999999999
12361,0.7993124999999999
14790,0.40485000000000004
5385,0.7185999999999997
11893,0.5739125000000002
9611,0.7152375000000002
7552,0.5914874999999997
6908,0.6191499999999996
13766,0.7219374999999999
1001,0.09956250000000008
6403,0.6939625000000003
8073,0.6906000000000001
4397,0.74545
2366,0.5220000000000002
782,0.7969875000000001
12647,0.3867249999999996
8349,0.6515749999999998
200,0.7903
9105,0.7782375000000001
1236,0.4106374999999999
3594,0.5735750000000001
7673,0.7501125
2383,0.7664874999999998
4234,0.7259375000000001
12239,0.1129
8581,0.6939874999999996
140,0.10191250000000003
2754,0.7426625000000002
807,0.8537000000000001
14844,0.407825
3865,0.7428250000000002
2685,0.6924875
566,0.09991250000000008
9957,0.4884375000000003
2614,0.7194500000000003
3261,0.5050625
14322,0.09428750000000002
7674,0.4244624999999999
4255,0.6074125000000001
6746,0.5855124999999999
10946,0.6895249999999999
14025,0.44292499999999996
8839,0.6250000000000001
1090,0.41377500000000034
2679,0.46164999999999995
4745,0.6474999999999997
14946,0.3692000000000001
4580,0.7396125
12773,0.4116874999999999
6878,0.7053250000000002
8366,0.7250625000000002
9271,0.6696250000000002
559,0.10460000000000005
13027,0.7118250000000006
14400,0.41363749999999994
7364,0.4529249999999999
9399,0.5269000000000001
7546,0.7601625
13583,0.6953624999999999
1720,0.8133500000000001
5001,0.6977499999999999
322,0.45026249999999973
3214,0.7342250000000001
14439,0.7439375
1086,0.7494874999999996
8094,0.6745875000000003
2192,0.6349625000000003
10367,0.7390750000000001
12405,0.5024000000000002
9829,0.7489375
12759,0.4068625
1140,0.8024750000000003
12619,0.4054125000000002
4470,0.5439124999999997
11095,0.7585999999999999
1801,0.09503749999999997
2822,0.6343750000000001
12948,0.6510875000000003
13853,0.7193874999999998
11925,0.4746874999999998
5000,0.5073124999999998
12908,0.8027875000000005
5694,0.7291250000000001
10307,0.7081499999999998
2460,0.6972875000000001
13536,0.4730500000000001
6916,0.6536250000000001
13918,0.65255
3610,0.7312000000000001
7406,0.7673625000000001
12429,0.4130874999999997
9190,0.6851
8980,0.6094625000000004
3774,0.6873500000000001
14285,0.11773750000000005
5027,0.5793874999999998
3775,0.7156624999999994
6329,0.5282499999999998
14808,0.09982500000000002
239,0.10093750000000004
10006,0.8387250000000002
4459,0.645825
2340,0.6893624999999999
10419,0.6763125
5311,0.6909999999999997
1408,0.4137625
2357,0.6419874999999997
13819,0.45947499999999997
12136,0.10416250000000007
5194,0.5452124999999998
1757,0.38832499999999975
9677,0.7596499999999999
1280,0.4149249999999999
2295,0.7632125
9059,0.44057499999999983
10021,0.7395999999999999
5307,0.5517875
10552,0.6923625000000002
14059,0.6819999999999999
6728,0.5199250000000003
10111,0.5737000000000001
12117,0.10945000000000002
14972,0.10147500000000002
6574,0.70115
3142,0.7357
9629,0.5239750000000001
11191,0.7259749999999997
182,0.8395499999999998
13689,0.6419875000000002
2966,0.7187250000000001
6129,0.6703500000000002
14913,0.39732500000000015
7159,0.7143625000000003
7509,0.7015750000000002
5330,0.7089
7370,0.7406000000000004
10416,0.4112374999999999
11700,0.7255874999999998
3700,0.7221999999999998
6955,0.6189749999999997
7758,0.6839125
11373,0.59675
8550,0.7333000000000001
11563,0.6902750000000002
5945,0.5447
5195,0.7972375000000003
6488,0.7178499999999999
1244,0.10996250000000005
7358,0.7229625000000002
4942,0.619325
4769,0.7099749999999999
7446,0.6601749999999998
8291,0.6701750000000001
11542,0.6560374999999999
11108,0.7901000000000001
12564,0.40293750000000017
5622,0.7322750000000002
13531,0.7089875000000003
163,0.8419374999999999
6538,0.7948999999999995
1329,0.10325000000000004
4145,0.5650999999999999
9999,0.5948749999999999
3307,0.5424625000000002
3989,0.39447499999999985
8993,0.7392000000000001
3601,0.6675625000000001
8556,0.7026124999999999
12733,0.3988374999999998
4018,0.6890375
11816,0.7569250000000001
3969,0.6990249999999998
12729,0.10362499999999997
7196,0.6688000000000001
14909,0.1165
4317,0.6956
106,0.8318875000000003
7789,0.6269249999999997
7222,0.7126875000000001
14332,0.3967124999999999
9946,0.45009999999999994
1925,0.4540875
6386,0.7032250000000002
3042,0.6707749999999999
6219,0.745925
8965,0.7677875000000001
3318,0.6981500000000003
5417,0.5338999999999999
14051,0.6867125000000003
11003,0.7311874999999999
414,0.7908875
11138,0.7981625000000002
8058,0.6646500000000001
11395,0.6183624999999997
11582,0.5967625000000002
3243,0.5434125
5225,0.47093750000000006
10165,0.7900375000000004
5439,0.7488250000000003
13438,0.6012375000000004
6772,0.7620750000000003
12943,0.5424874999999995
6110,0.7621500000000004
4473,0.3820000000000001
14657,0.40406249999999994
2509,0.6661625000000002
5927,0.5704249999999998
5737,0.5662749999999999
7836,0.7284250000000001
10131,0.44098750000000014
2805,0.6928250000000006
532,0.10668750000000005
12044,0.12461250000000004
9031,0.7524750000000001
7457,0.6882375000000003
9035,0.7537250000000001
10248,0.6919125000000002
13967,0.5461125000000002
8991,0.7153749999999999
2335,0.7059999999999997
96,0.09731250000000002
1778,0.581925
6063,0.6906625000000001
2635,0.6989000000000001
5668,0.7083625000000005
2584,0.6932250000000003
10113,0.7117375000000002
3399,0.4769874999999998
1298,0.40706250000000005
7747,0.7962999999999999
14944,0.7794500000000003
554,0.4071375
6585,0.6735999999999999
102,0.39425
11430,0.6099750000000002
13430,0.52835
11779,0.6263250000000002
6320,0.6624625000000001
8322,0.704175
3843,0.4730624999999999
13803,0.6771499999999999
12242,0.4086
262,0.4164500000000001
9567,0.7704249999999997
12034,0.8139624999999995
6826,0.4172374999999998
14842,0.4966124999999996
2857,0.5030500000000002
10643,0.7842874999999994
8238,0.33253749999999993
14470,0.10613750000000008
14961,0.36522499999999997
3485,0.7301750000000001
429,0.3994749999999999
8050,0.7428875000000004
13303,0.7149624999999998
11853,0.6626375000000001
6085,0.7772999999999999
2838,0.676325
528,0.11530000000000004
14282,0.2910125
4428,0.5740000000000001
11341,0.7448875000000001
6999,0.7079124999999998
4689,0.7133999999999997
1250,0.8162
1506,0.41736249999999997
4995,0.7666000000000002
95,0.41643750000000007
3598,0.3270125000000002
8434,0.5212625
14013,0.6936875000000002
10221,0.6334125
12847,0.7123000000000002
12036,0.4041500000000002
